pub_date,abstract,lead_para,headline,doc_type,section_name,type_of_material,rank,web_url
2015-08-06T17:19:49+0000,"The two companies, partners of the enterprise software maker, will take ownership stakes in the biggest leveraged buyout of the year.","SAN FRANCISCO — As Informatica closes its $5.3 billion sale to private equity on Thursday, the enterprise software maker will count two of its big technology partners as new investors as well.",Salesforce Ventures and Microsoft Join Informatica Buyout,article,Business Day,News,3,https://www.nytimes.com/2015/08/07/business/dealbook/salesforce-ventures-and-microsoft-join-informatica-buyout.html
2015-08-07T11:10:34+0000,The Never-Ending Lawsuit | Why Disclosing C.E.O. Pay Might Bring Change | Apollo’s Stake in American Realty,"ACKMAN’S BET ON MONDELEZ SALES | By building up a $5.5 billion stake in Mondelez International, William A. Ackman is wagering that Mondelez could be persuaded to sell itself, Michael J. de la Merced and Alexandra Stevenson write in DealBook. The investment that Mr. Ackman’s Pershing Square Capital Management has made also highlights the widespread belief that the food sector is ripe for consolidation. ",Morning Agenda: Ackman’s Bet on Mondelez Sales,article,Blogs,News,22,https://news.blogs.nytimes.com/2015/08/07/morning-agenda-ackmans-bet-on-mondelez-sales/
2015-08-21T14:20:22+0000,"As stocks slumped on Thursday, some technology companies took particularly bad hits, both during regular trading hours and even afterward.","Nearly everything on the stock market fell on Thursday, with some tech companies taking particularly hard hits.",Daily Report: The Stock Market Carnage Cometh for Tech,article,Technology,News,8,https://bits.blogs.nytimes.com/2015/08/21/daily-report-the-stock-market-carnage-cometh-for-tech/
2015-09-15T12:00:07+0000,A well-known programmer says he’s building advanced data analysis that thousands of companies could use on the cloud-computing platform provided by Salesforce.com.,Salesforce.com was one of the early giants of the cloud-computing revolution. Now it wants to be at the center of two of the next big things — big data and so-called computational intelligence everywhere.,Salesforce Plans to Give Customers Amazon-Type Analytics,article,Technology,News,4,https://bits.blogs.nytimes.com/2015/09/15/salesforce-we-give-customers-amazon-type-analytics/
2015-03-27T18:19:20+0000,An industry with a long history of supporting gay rights is starting to speak out against a new Indiana law that gives legal cover to people who refuse to do business with same-sex couples.,The tech industry is applying its economic muscle well outside of Silicon Valley.,Tech Executives Pressure Indiana After Passage of Controversial Law,article,Technology,News,6,https://bits.blogs.nytimes.com/2015/03/27/tech-executives-pressure-indiana-after-passage-of-controversial-law/
2015-03-31T23:40:47+0000,"In an industry that avoids controversy, the heads of several prominent companies, including Apple and Salesforce.com, have chosen to pick a battle.","The technology industry’s leaders have found their collective voice on a social issue in the last week, rallying with great intensity against a new Indiana law that will allow businesses, they predict, to discriminate against gay couples. The heads of Apple, Salesforce.com, Yelp and Square have all publicly criticized the law, as have some leaders from other industries.","Silicon Valley Leaders, New to Social Issues, Come Together Over Indiana Law",article,Technology,News,7,https://www.nytimes.com/2015/04/01/technology/tech-leaders-new-to-social-activism-come-together-over-indiana-law.html
2015-05-06T16:41:39+0000,"Buying the cloud-based customer-service software could make businesses less likely to ditch Office. It might, however, cost Microsoft some $60 billion.",Would Microsoft really want to own Salesforce.com?,Would Salesforce Make Sense for Microsoft?,article,Business Day,News,4,https://www.nytimes.com/2015/05/07/business/dealbook/would-salesforce-make-sense-for-microsoft.html
2015-04-01T20:45:03+0000,More than three dozen chief executives and other senior Silicon Valley leaders issued a joint statement asking all state legislatures to add sexual orientation and gender identity as protected classes to their civil rights laws.,"Technology leaders are looking beyond an Indiana battle over gay rights that united them in the past week, and are calling on all states to enact anti-discrimination protections for lesbians, gay, bisexual and transgender people.",Tech Leaders Call for Anti-Discrimination Laws to Protect Gays in all 50 States,article,Technology,News,14,https://bits.blogs.nytimes.com/2015/04/01/tech-leaders-call-for-anti-discrimination-laws-to-protect-gays-in-all-50-states/
2015-04-30T18:33:52+0000,"Oracle and Microsoft want to increase cloud capacity, making them possible suitors.","Salesforce.com’s slowing growth makes this a good time to seek a suitor. The $47 billion software outfit is on the market, according to Bloomberg.",Salesforce’s Slow Growth May Prompt Hunt for a Buyer,article,Business Day,News,1,https://www.nytimes.com/2015/05/01/business/dealbook/salesforces-slow-growth-may-prompt-hunt-for-a-buyer.html
2015-04-01T10:21:53+0000,"In an industry that avoids controversy, the heads of several prominent companies, including Apple and Salesforce.com, have chosen to pick a battle.","The technology industry’s leaders have found their collective voice on a social issue in the last week, rallying with great intensity against a new Indiana law that will allow businesses, they predict, to discriminate against gay couples. The heads of Apple, Salesforce.com, Yelp and Square have all publicly criticized the law, as have some leaders from other industries.",Daily Report: Tech Leaders Come Together to Oppose Indiana Law,article,Technology,News,4,https://bits.blogs.nytimes.com/2015/04/01/daily-report-tech-leaders-come-together-to-oppose-indiana-law/
2015-04-03T18:30:31+0000,Corporations were right to speak out on this issue. They should take the same stand with their campaign spending.,"Big corporations like Walmart, Apple, Salesforce.com and General Electric and their executives have done the right thing by calling on officials in Indiana and Arkansas to reject “religious freedom” laws designed to give businesses and religious groups legal cover should they deny service to gay couples. But the business response to these laws raises a larger issue about the role companies play in the political process. If corporate leaders are serious in opposing discrimination, they should refuse to finance the campaigns of lawmakers who want to deny civil rights to gays and other minority groups.",Big Business and Anti-Gay Laws,article,Opinion,Editorial,15,https://www.nytimes.com/2015/04/04/opinion/big-businesss-critical-role-on-anti-gay-laws.html
2015-06-19T00:21:05+0000,A troubling aspect of the exuberance for technology stocks is the degree to which companies promote financial results and measures that exclude the actual costs of doing business.,"Technology shares have been powering the stock market recently, outperforming the broader stock indexes by wide margins. The tech-heavy Nasdaq 100, for example, is up 19 percent over the last 12 months, almost twice as much as the Standard & Poor’s 500-stock index, which has risen 10 percent.",Tech Companies Fly High on Fantasy Accounting,article,Business Day,News,8,https://www.nytimes.com/2015/06/21/business/high-tech-fantasy-accounting.html
2015-07-25T19:24:04+0000,"The company’s chief executive, Marc Benioff, started the Women’s Surge program to achieve gender equality in pay and promotion and to get more diversity at meetings.","Marc Benioff, the co-founder and chief executive of Salesforce, was riding high a couple of years ago. His cloud software company had weathered the financial crisis, revenue was up, and the stock was at a record high. ",Salesforce Makes Strides Toward Gender Equality in Silicon Valley,article,Business Day,News,6,https://www.nytimes.com/2015/07/26/business/salesforce-makes-strides-toward-gender-equality-in-silicon-valley.html
2015-07-30T11:12:48+0000,Deutsche Bank Triples Net Profit | On Track for a September Rate Rise | Puerto Rico’s Next Big Test,"STEADY AS SHE GOES AT FACEBOOK | The social network beat Wall Street expectations in the second quarter, with revenue up 39 percent from a year ago to $4.04 billion, Vindu Goel reports in The New York Times. Net income was down to $719 million, or 25 cents a share, compared with $791 million, or 30 cents a share, a year ago. ",Morning Agenda: Steady as She Goes at Facebook,article,Blogs,News,21,https://news.blogs.nytimes.com/2015/07/30/morning-agenda-steady-as-she-goes-at-facebook/
2015-11-02T20:48:54+0000,"Mr. Benioff runs Salesforce.com with a “1-1-1” philosophy, annually donating 1 percent of its equity, 1 percent of its employee time and 1 percent of its product to nonprofits. He explains why.","Marc Benioff founded Salesforce.com, one of the first and most successful cloud computing software companies, in 1999. The stock has gained over 1,800 percent since the company went public in 2004, making Mr. Benioff, a onetime Oracle executive, a billionaire.","Marc Benioff, Salesforce Chief, on the Strategic Benefits of Corporate Giving",article,Giving,News,4,https://www.nytimes.com/2015/11/08/giving/marc-benioff-salesforce-chief-on-the-strategic-benefits-of-corporate-giving.html
2016-08-02T10:46:33+0000,Uber Waves the White Flag | Big Banks Push Instant Payments,"HERBALIFE VS. ACTIVIST: JUST MAYBE HE’S RIGHT Bill Ackman, the activist investor, has been painted as a loser in his quest to shut down Herbalife, the nutritional supplement company, but a Federal Trade Commission’s complaint has vindicated his claims, Andrew Ross Sorkin writes.",Morning Agenda: Herbalife vs. Activist: Just Maybe He’s Right,article,Blogs,News,31,https://news.blogs.nytimes.com/2016/08/02/morning-agenda-herbalife-vs-activist-just-maybe-hes-right/
2016-09-30T16:05:55+0000,"European regulators look at Microsoft’s purchase of LinkedIn not for what it is, but for what may be. They are right to.","European regulators may be starting to regard antitrust in the tech industry in the light of the famous line about pornography: They can’t define it, but they know it when they see it.",Daily Report: Trust Busters Destined to Dig into Data,article,Technology,News,4,https://www.nytimes.com/2016/10/01/technology/daily-report-trust-busters-destined-to-dig-into-data.html
2016-09-29T17:36:49+0000,"Salesforce, a San Francisco tech company, is said to have questioned whether Microsoft’s takeover of LinkedIn might hinder consumer choice and access to data.","Microsoft outmuscled its rival Salesforce.com this year to buy LinkedIn, the professional social network, for $26.2 billion.",Salesforce Is Said to Question Microsoft-LinkedIn Deal in Europe,article,Technology,News,1,https://www.nytimes.com/2016/09/30/technology/salesforce-is-said-to-question-microsoft-linkedin-deal-in-europe.html
2016-09-18T22:26:02+0000,"As G.E., Oracle, Salesforce.com and others push their A.I. products, it remains unclear whether potential customers understand how they will profit.","SAN FRANCISCO — This is the year artificial intelligence came into its own for mainstream businesses, at least as a marketing feature.",Artificial Intelligence Software Is Booming. But Why Now?,article,Technology,News,5,https://www.nytimes.com/2016/09/19/technology/artificial-intelligence-software-is-booming-but-why-now.html
2016-09-23T18:38:27+0000,The social network site has been considering a possible restructuring as it wrestles with a slowdown in its growth.,"Twitter has long positioned itself as a global town square where anyone — celebrities, politicians, athletes, and you and me — can chat in 140-character messages and find out about whatever is happening in the moment.",Twitter Is Said to Be Discussing a Possible Takeover,article,Business Day,News,6,https://www.nytimes.com/2016/09/24/business/dealbook/twitter-sale.html
2016-09-27T06:20:19+0000,A possible takeover shows that just what Twitter is still is very much in the eye of the beholder.,Twitter has some 300 million regular monthly users — and possibly as many views about the company’s long-term purpose and value.,Daily Report: Twitter Attracts a Wide Range of Suitors,article,Technology,News,3,https://www.nytimes.com/2016/09/28/technology/daily-report-twitter-attracts-a-wide-range-of-suitors.html
2016-09-23T15:20:15+0000,"“Twitter has received expressions of interest from a number of technology companies,” said David Faber of CNBC, including from Salesforce.com and Google.","“Twitter has received expressions of interest from a number of technology companies,” said David Faber of CNBC, including from Salesforce.com and Google.",Twitter Moving Closer to Sale,multimedia,Business Day,Video,2,https://www.nytimes.com/video/business/dealbook/100000004666685/twitter-moving-closer-to-sale.html
2016-02-10T01:23:26+0000,"As the stock market continues its 2016 slide, technology stocks are falling even further, victims partly of their own success.","SAN FRANCISCO — As the United States economy muddled along over the last few years, investors paid handsome sums to get in on high-flying technology companies that were among the few pockets of steady growth. Now comes the payback.",Tech Stocks Have Fallen Faster and Further Than Broader Market,article,Technology,News,9,https://www.nytimes.com/2016/02/10/technology/fall-in-tech-stocks-is-faster-and-farther-than-broader-market.html
2016-03-01T21:14:28+0000,"Marc Benioff, chairman and chief executive of Salesforce, discussed at The New York Times’s New Work Summit how his company has tried to provide more and better opportunities for women.","Marc Benioff, chairman and chief executive of Salesforce, discussed at The New York Times’s New Work Summit how his company has tried to provide more and better opportunities for women.",Salesforce’s ‘Women’s Surge’,multimedia,Business Day,Video,2,https://www.nytimes.com/video/business/100000004244086/salesforces-womens-surge.html
2016-05-26T01:26:01+0000,"Salesforce, itself a cloud-computing company, will use Amazon Web Services to grow more rapidly in a deal valued at $400 million.","Amazon Web Services, the biggest of the cloud-computing providers, has a new line of work: Taking other cloud-computing giants into other countries.",Salesforce to Use Amazon’s Cloud to Expand in Canada and Australia,article,Technology,News,3,https://www.nytimes.com/2016/05/26/technology/salesforce-to-use-amazons-cloud-to-expand-in-canada-and-australia.html
2016-04-18T13:33:39+0000,"Wall Street is increasingly wary of the amount of equity that publicly traded tech companies award employees, especially when those companies stumble.",Tech companies may have to take stock of giving stock.,Tech Companies May Face a New Cost to Paying in Shares,article,Technology,News,5,https://www.nytimes.com/2016/04/19/technology/tech-companies-may-face-a-new-cost-to-paying-in-shares.html
2016-04-18T16:46:26+0000,"Through the funds, companies scout for new products or services and business partners, but critics say the funds contribute to inflated valuations.","At first glance, the maker of Cheerios and Cocoa Puffs might not fit the image of a cutting-edge venture capital investor.",General Mills and 7-Eleven Join the Venture Capital Crowd,article,Business Day,News,8,https://www.nytimes.com/2016/04/19/business/dealbook/general-mills-and-7-elevenjoin-the-venture-capital-crowd.html
2016-01-01T21:23:53+0000,"Adam Bosworth, a tech pioneer, sees the future in servers that manage and learn from data gathered by sensors implanted in practically everything.","SAN FRANCISCO — If you have sent email on Google or used Microsoft’s browser or databases, you have touched the technology handiwork of Adam Bosworth.",Looking Beyond the Internet of Things,article,Technology,News,6,https://www.nytimes.com/2016/01/02/technology/looking-beyond-the-internet-of-things.html
2016-06-08T10:18:10+0000,The Merger That Wasn’t? | Renaud Laplanche Said to Consider Lending Club Takeover,"DELL RULING MAY NOT AFFECT BUYOUTS AS MUCH AS FEARED | Will a judge’s ruling that buyers underpaid for Dell when it was taken private change buyouts more broadly? Probably not,Steven Davidoff Solomon argues in the Deal Professor column.",Morning Agenda: Dell Ruling May Not Affect Buyouts as Much as Feared,article,Blogs,News,29,https://news.blogs.nytimes.com/2016/06/08/morning-agenda-dell-ruling-may-not-affect-buyouts-as-much-as-feared/
2016-06-02T10:18:15+0000,Payday Loan Industry Could Soon Be Gutted | Sumner Redstone’s Granddaughter Sides With Viacom Directors,"UBER RECEIVES $3.5 BILLION FROM SAUDI ARABIA | Uber has turned to the Middle East in its quest to build a global empire. It raised $3.5 billion from Saudi Arabia’s Public Investment Fund in one of the largest ever investments into a privately held start-up,Mike Isaac and Michael J. de la Merced report in The New York Times. This round of fund-raising continued to value the company at $62.5 billion. ",Morning Agenda: Uber Receives $3.5 Billion from Saudi Arabia,article,Blogs,News,29,https://news.blogs.nytimes.com/2016/06/02/morning-agenda-uber-receives-3-5-billion-from-saudi-arabia/
2016-06-01T19:29:55+0000,The online software company hopes to stimulate growth by buying the e-commerce specialist.,"Salesforce.com is fluffing up its cloud business, but at a high cost.",Salesforce.com to Acquire Demandware for $2.8 Billion,article,Business Day,News,1,https://www.nytimes.com/2016/06/02/business/dealbook/salesforcecom-to-acquire-demandware-for-2-8-billion.html
2016-07-28T19:02:52+0000,"The purchase of NetSuite by Oracle makes strategic sense, but Lawrence J. Ellison appears to benefit from a side investment at Oracle’s expense.",Lawrence J. Ellison is cashing in again.,"Once Again, an Oracle Deal Benefits Ellison",article,Business Day,News,3,https://www.nytimes.com/2016/07/29/business/dealbook/once-again-an-oracle-deal-benefits-ellison.html
2016-10-11T10:07:03+0000,"Salesforce is still in talks to buy Twitter, according to two people involved in the discussions, despite some of Salesforce’s largest shareholders indicating that they are against the deal.","Even though some of the largest shareholders in Salesforce.com have made it clear that they are against the deal, the company is still in talks to buy Twitter, according to two people involved in the discussions who spoke on the condition of anonymity.","Morning Agenda: Twitter-Salesforce Talks, Buffett’s Taxes, H.R. Red Flags",article,Business Day,News,4,https://www.nytimes.com/2016/10/12/business/dealbook/salesforce-twitter-trump-buffett.html
2016-10-06T01:38:17+0000,The tech world has been buzzing since it heard that the online software company Salesforce was interested in bidding for Twitter.,"SAN FRANCISCO — Marc Benioff, the founder and chief executive of Salesforce.com, showed up onstage on Wednesday afternoon at his biggest customer event of the year to talk up his business technology company’s products and strategy.",Twitter’s Fate: Marc Benioff of Salesforce Addresses Acquisition Talk,article,Technology,News,3,https://www.nytimes.com/2016/10/07/technology/twitters-fate-marc-benioff-of-salesforce-addresses-acquisition-talk.html
2016-10-06T09:54:58+0000,"Theranos was recently a star of Silicon Valley. But now, it is closing its laboratory operations, shutting its wellness centers and laying off 340 employees.","Not long ago, Theranos and its founder, Elizabeth Holmes, were stars of Silicon Valley.","Morning Agenda: Theranos Closes Labs, Twitter Chatter, Taking on Samsung",article,Business Day,News,6,https://www.nytimes.com/2016/10/07/business/dealbook/theranos-holmes-twitter-salesforce-samsung-elliott.html
2016-10-06T15:22:03+0000,"“While I look at a lot of things, I actually pass on most things,” Marc Benioff said after CNBC's Jim Cramer asked him to deny that his company would buy Twitter.","“While I look at a lot of things, I actually pass on most things,” Marc Benioff said after CNBC's Jim Cramer asked him to deny that his company would buy Twitter.",Salesforce C.E.O. on Twitter Deal,multimedia,Business Day,Video,1,https://www.nytimes.com/video/business/dealbook/100000004694137/salesforce-ceo-on-twitter-deal.html
2016-11-05T13:42:50+0000,"Once so close they flirted with a merger, the software giants became archrivals when they realized the value of the data amassed by social networks.",This is a story of love lost after a fight over social media.,How LinkedIn Drove a Wedge Between Microsoft and Salesforce,article,Technology,News,5,https://www.nytimes.com/2016/11/06/technology/how-linkedin-drove-a-wedge-between-microsoft-and-salesforce.html
2016-10-08T13:30:05+0000,"Mike calls Yahoo’s surveillance predicament a “flaming garbage fire” and hopes Alexa and her A.I. ilk are friendlier than HAL. Soon, Farhad will be in Asia.","Each Saturday, Farhad Manjoo and Mike Isaac, technology reporters at The New York Times, review the week’s news, offering analysis and maybe a joke or two about the most important developments in the tech industry. ",Farhad’s and Mike’s Week in Tech: Samsung’s Exploding Products and Twitter’s Fizzling Deal,article,Technology,News,5,https://www.nytimes.com/2016/10/09/technology/farhads-and-mikes-week-in-tech-samsungs-exploding-products-and-twitters-fizzling-deal.html
2016-10-07T20:20:10+0000,"Suitors are falling away, and there is no way conventional financial analysis can help any company rationalize an acquisition of the company.",Twitter’s openness to being sold has set off a tweetstorm with a direct message: It will be hard for a new owner to make buying the $15 billion social network stack up.,Paying $15 Billion for Twitter Will Be Hard for Anyone to Justify,article,Business Day,News,4,https://www.nytimes.com/2016/10/08/business/dealbook/paying-15-billion-for-twitter-will-be-hard-for-anyone-to-justify.html
2016-10-14T17:40:54+0000,Twitter shares tumbled as few deal-making options remained.,"SAN FRANCISCO — Twitter may have to fix its problems on its own, at least for now.",Salesforce Rules Out a Bid for Twitter,article,Business Day,News,1,https://www.nytimes.com/2016/10/15/business/dealbook/salesforce-twitter.html
2016-10-02T20:31:05+0000,"At annual presentations in San Francisco, tech companies deluge potential customers with data on their progress in cloud computing, machine learning and artificial intelligence.","SAN FRANCISCO — Autumn is a good time to see what is happening next in the $3 trillion business technology market. In particular, it’s a good time to check out what’s new in corporate paranoia.",Taking the Temperature Inside the (Feverish) Cloud,article,Technology,News,7,https://www.nytimes.com/2016/10/03/technology/taking-the-temperature-inside-the-feverish-cloud.html
2016-10-07T23:39:24+0000,"To make acquisitions, Salesforce relies on stock and therefore needs to keep its shareholders happy. And they are not interested in a Twitter deal.","SAN FRANCISCO — The investor pressure began building on Marc Benioff, chief executive of Salesforce.com, two weeks ago.",Salesforce Shareholders Besiege Possible Twitter Deal,article,Technology,News,6,https://www.nytimes.com/2016/10/08/technology/salesforce-shareholders-besiege-possible-twitter-deal.html
2016-10-10T09:54:39+0000,"The focus is on currency markets, with the peso rising, indicating traders and investors believe Hillary Clinton’s chances of winning the presidential election are improving.","The focus is again on the currency markets, but this time it is not just about the pound.","Morning Agenda: Peso Predictor, Salesforce Investors Speak, Calpers Standoff",article,Business Day,News,5,https://www.nytimes.com/2016/10/11/business/dealbook/currency-peso-pound-salesforce-pension.html
2016-10-11T15:49:39+0000,The Galaxy Note 7 smartphone maker halted production after some of the devices caught fire. And Twitter was facing an implosion in potential deal talks.,Samsung and Twitter are not tech companies whose names are often uttered in the same breath. But they are connected right now by the theme of explosions.,Earth-Rattling Times at Samsung and Twitter,article,Technology,News,2,https://www.nytimes.com/2016/10/12/technology/earth-rattling-times-at-samsung-and-twitter.html
2016-10-07T15:13:48+0000,"They may both be technology companies, but their businesses are vastly different. And history tells us combining very different tech outfits is risky.",October in San Francisco is a special time. The fog lifts. The temperature rises. The Blue Angels buzz overhead for Fleet Week as tens of thousands of business technology types descend on the city for Salesforce.com’s annual conference.,Daily Report: Salesforce Has Had Its Eye on Twitter. But Why?,article,Technology,News,1,https://www.nytimes.com/2016/10/08/technology/daily-report-salesforce-has-had-its-eye-on-twitter-but-why.html
2016-10-31T16:31:10+0000,The search giant is one of several American tech companies facing inspections overseas for the way they do business.,Europe has a big headache: the current state of American technology companies. And it may take a long time to go away.,Daily Report: Google’s Day in Europe’s Court Highlights Nature of New Tech,article,Technology,News,8,https://www.nytimes.com/2016/11/01/technology/daily-report-googles-day-in-europes-court-highlights-nature-of-new-tech.html
2016-10-11T00:37:33+0000,The company tries to forge ahead despite a constantly shifting chess match of deal discussions and considerations.,"SAN FRANCISCO — Over the last week, Twitter’s fate has appeared to be murkier than ever. The troubled social media company, which has been engaged in talks to sell itself, seemed to be running out of potential buyers.",Twitter Is Said to Be in Continued Talks With Salesforce,article,Technology,News,5,https://www.nytimes.com/2016/10/11/technology/twitter-is-said-to-be-in-continued-talks-with-salesforce.html
2017-08-19T09:00:27+0000,"C.E.O.s are speaking out on social and political issues in sometimes startling ways, recasting the role business plays in the national debate.","The nation has split into political tribes. The culture wars are back, waged over transgender rights and immigration. White nationalists are on the march.",The Moral Voice of Corporate America,article,Business Day,News,5,https://www.nytimes.com/2017/08/19/business/moral-voice-ceos.html
2017-12-29T10:00:43+0000,"Salesforce Tower, which at 1,070 feet is the tallest office building west of the Mississippi, will be inhabited in January, signaling tech’s triumph in the city.","SAN FRANCISCO — The skyscraper came late to this city, a shipping and manufacturing hub for much of its existence. The wealthy roosted on the hills and the masses toiled on the flats and the docks. Everyone lived close to the ground in a setting renowned for its natural beauty.","San Francisco’s Skyline, Now Inescapably Transformed by Tech",article,Technology,News,5,https://www.nytimes.com/2017/12/29/technology/salesforce-tower-san-francisco-skyline.html
2017-01-17T17:19:42+0000,"The Indiana capital is making up for diminished manufacturing by supporting new technology, and workers are won over by low costs and great amenities.","When Ashley Zegiestowsky, a computer sciences major at Butler University, was hunting for a technology job during her senior year, she took a close look at Silicon Valley, the promised land for young engineers eager to be part of the next big thing.","How Indianapolis, Long Known as a Manufacturing Center, Is Luring Tech Talent",article,Business Day,News,5,https://www.nytimes.com/2017/01/17/business/indianapolis-real-estate-tech.html
2018-08-23T16:00:27+0000,"Timothy D. Cook of Apple, Ginni Rometty of IBM and dozens of other C.E.O.s said new guidelines and practices were hindering skilled foreign workers and harmful to economic growth.","Dozens of American business leaders are challenging the Trump administration over changes to immigration policy that they say threaten the livelihoods of thousands of their skilled foreign workers, and the nation’s economic growth and competitiveness as well.",Top C.E.O.s Denounce Trump Immigration Policy as Threat to U.S. Economy,article,Business Day,News,12,https://www.nytimes.com/2018/08/23/business/trump-immigration-business-leaders-economy.html
2018-09-17T22:56:11+0000,"Something like this was tried 18 years ago, when AOL bought Time Warner. But Marc Benioff, long a prominent figure in his hometown, does things his own way.",SAN FRANCISCO — Marc Benioff is like the Salesforce Tower: He looms over this city.,A San Francisco Tech Mogul Buys a Fabled Slice of New York Media,article,Technology,News,6,https://www.nytimes.com/2018/09/17/technology/time-marc-benioff.html
2018-09-17T00:01:26+0000,"The storied weekly spent less than a year as part of the Iowa-based Meredith Corporation. Its new owners, Mr. Benioff and his wife, are buying it for $190 million.","Time, the pre-eminent weekly newsmagazine of the 20th century, will have new owners: Marc Benioff, the billionaire co-founder of the software company Salesforce, and his wife, Lynne.","Time Magazine Is Bought by Marc Benioff, Salesforce Billionaire",article,Business Day,News,1,https://www.nytimes.com/2018/09/16/business/dealbook/time-magazine-salesforce-marc-benioff.html
2018-09-17T13:04:54+0000,"While having a massage late Sunday, the West Coast-based tech billionaire discussed via text message why he was entering the East Coast-based media industry by acquiring Time Inc.’s flagship publication.","Marc Benioff, the chief executive of the software company Salesforce, and his wife, Lynne, said on Sunday that they had agreed to buy Time magazine from Meredith Corporation for $190 million in cash.",Marc Benioff Explains Why He Is Buying Time Magazine,article,Technology,News,9,https://www.nytimes.com/2018/09/17/technology/marc-benioff-time-magazine-meredith.html
2018-09-18T23:56:31+0000,The decision by the Salesforce chief executive Marc Benioff to buy Time magazine raises the question of the duty that executives have to the companies that made them rich.,"If Time magazine runs another cover in a series of illustrations showing President Trump’s Oval Office taking on water, employees and shareholders of Salesforce might want to brace for a tweetstorm from the White House — or even calls for regulation of the software company.",When an Owner’s New Company Puts the Old One in Trump’s Cross Hairs,article,Business Day,News,4,https://www.nytimes.com/2018/09/18/business/dealbook/benioff-time-trump.html
2018-09-19T14:43:42+0000,"Marc Benioff has bought Time, becoming the latest technology mogul to invest in a media property. ","“This is a start-up,” Marc Benioff told me loudly over FaceTime, leaning in and out of the frame on a bumpy ride to the airport. “They have been opportunity constrained,” he said, “but we are here to unshackle them.”",Can the People Who Almost Brought Down the News Business Save It?,article,Opinion,Op-Ed,5,https://www.nytimes.com/2018/09/19/opinion/marc-benioff-time-bezos-amazon.html
2018-02-07T10:00:05+0000,"Ken Frazier, Katrina Lake and Marc Benioff will be interviewed for our relaunch of Corner Office. Submit a question for them.","The Reader Center is one way we in the newsroom are trying to connect with you, by highlighting your perspectives and experiences and offering insight into how we work.",They’re 3 of the U.S.’ Most Innovative C.E.O.s: Ask Them Anything,article,Reader Center,News,2,https://www.nytimes.com/2018/02/07/reader-center/corner-office.html
2018-02-20T19:39:36+0000,"Salesforce Chairman and C.E.O. Marc Benioff, speaking at The New York Times’s 2018 New Work Summit, called on leaders to stay involved in guiding the technology their companies create.","Salesforce Chairman and C.E.O. Marc Benioff, speaking at The New York Times’s 2018 New Work Summit, called on leaders to stay involved in guiding the technology their companies create.",Marc Benioff on Technology and Trust,multimedia,Admin,Video,,https://www.nytimes.com/video/admin/100000005753014/marc-benioff-on-technology-and-trust.html
2018-12-29T16:00:05+0000,"How privacy, security and employee protests will shape the year ahead for Silicon Valley. ","If you thought 2018 was a bad year for tech, 2019 might turn out to be even worse. This year was filled with revelations about privacy, security and cyberwarfare. Next year, the consequences of those revelations will unfold. And we should be very worried about what the future holds. ",The 3 Biggest Challenges for Tech in 2019,article,Opinion,Op-Ed,15,https://www.nytimes.com/2018/12/29/opinion/tech-2018-trends-2019-predictions.html
2018-06-15T09:00:08+0000,"A billionaire tech mogul with a spiritual side, Mr. Benioff riffs on his early days at Apple and Oracle, and what’s wrong with Facebook. ","Salesforce may not be a household name like Facebook or Twitter, but the software company and its chief executive, Marc Benioff, are hugely influential forces in the technology industry. ",Marc Benioff of Salesforce: ‘Are We Not All Connected?’,article,Business Day,News,4,https://www.nytimes.com/2018/06/15/business/marc-benioff-salesforce-corner-office.html
2018-11-07T07:20:18+0000,"The city’s tech elites were divided over the initiative, which is seen as an effort to hold their companies accountable for exacerbating the local housing crisis.","SAN FRANCISCO — Voters in San Francisco approved a tax increase on the city’s largest businesses that would nearly double its budget for homeless services, a measure seen as an effort to hold wealthy technology companies accountable for exacerbating the local housing crisis.",San Francisco Approves Business Tax to Fund Homeless Services,article,Technology,News,5,https://www.nytimes.com/2018/11/07/technology/san-francisco-business-tax-homeless.html
2018-11-29T00:31:02+0000,"I interview C.E.O.s for the business section, and we often end up on the topic of meditation.","Times Insider delivers behind-the-scenes insights into how news, features and opinion come together at The New York Times.",Talking Mindfulness on the C.E.O. Beat,article,Reader Center,News,,https://www.nytimes.com/2018/11/28/reader-center/ceos-mindfulness-meditation.html
2018-10-24T19:01:11+0000,"By supporting a modest tax increase, companies in San Francisco can help end the city’s homelessness crisis. ","Back when I was in business school in the 1980s, I was taught — as were generations of aspiring entrepreneurs and executives — that the business of business is business. “There is one and only one social responsibility of business,” the economist Milton Friedman famously wrote in “Capitalism and Freedom”: “to increase its profits.” In an essay for this newspaper in 1970, Dr. Friedman went further, arguing that executives who claim that companies have “responsibilities for providing employment, eliminating discrimination, avoiding pollution and whatever else may be the catchwords” of the day are guilty of “undermining the basis of a free society.” ",The Social Responsibility of Business,article,Opinion,Op-Ed,3,https://www.nytimes.com/2018/10/24/opinion/business-social-responsibility-proposition-c.html
2018-10-19T18:39:36+0000,"Jack Dorsey of Twitter and Marc Benioff of Salesforce, among others, are sparring over a Nov. 6 ballot initiative that would impose new corporate taxes.","For months, technology companies in San Francisco have fought a local ballot proposition that would impose taxes on corporations to fund initiatives to help the homeless.","In Liberal San Francisco, Tech Leaders Brawl Over Tax Proposal to Aid Homeless",article,Technology,News,6,https://www.nytimes.com/2018/10/19/technology/san-francisco-taxes-homeless.html
2019-06-14T13:00:01+0000,"The tech industry is caught in the middle of escalating trade tensions with China. And at home, regulators are getting serious about cracking down on Big Tech.","Each week, we review the week’s news, offering analysis about the most important developments in the tech industry. Want this newsletter in your inbox? Sign up here.",The Week in Tech: Big Trouble With Trustbusters and China,article,Technology,News,8,https://www.nytimes.com/2019/06/14/technology/the-week-in-tech-big-trouble-with-trustbusters-and-china.html
2019-06-10T14:47:57+0000,"Salesforce’s deal to buy the business tools maker Tableau, its largest ever acquisition, was pushed by the need to make business information understandable.",SAN FRANCISCO — Technology vendors have been going on for years about the rising value of data. But information that can’t be understood is not worth much.,Making Data Coherent Drives Salesforce’s $15.3 Billion Deal for Tableau,article,Technology,List,1,https://www.nytimes.com/2019/06/10/technology/salesforce-tableau-deal.html
2019-06-07T21:11:19+0000,"Learn three strategies that sales leaders use to make their teams more efficient, responsive, and adaptive.","If you ask CEOs what their most pressing priority is, the majority will answer in one word: growth. They promise their investors that they will increase revenue at twice the market average (according to Bain research). But at the same time, less than two-thirds of their salespeople are hitting their quotas. So how do CEOs meet their investors’ expectations?",Take the Guesswork Out of Growth,paidpost,T Brand,,1,https://www.nytimes.com/paidpost/salesforce/take-the-guesswork-out-of-growth.html
2019-07-01T15:43:31+0000,Businesses had plenty of reasons to worry in the first half — from slowing economic growth to geopolitical tensions — but they looked beyond those factors to strike big deals at a record pace.,Get the DealBook newsletter to make sense of major business and policy headlines — and the power-brokers who shape them.__________,"$2 Trillion Worth of Deals Were Struck in the First Half of 2019, but Caution Crept In",article,Business Day,News,7,https://www.nytimes.com/2019/07/01/business/dealbook/mergers-2019-first-half.html
2019-10-14T10:00:13+0000,"The current system has led to profound inequality. To fix it, we need businesses and executives to value purpose alongside profit.","Capitalism, I acknowledge, has been good to me.",Marc Benioff: We Need a New Capitalism,article,Opinion,Op-Ed,6,https://www.nytimes.com/2019/10/14/opinion/benioff-salesforce-capitalism.html
2020-09-11T10:48:03+0000,The economist taught a generation of corporate leaders that profit should be their main motive. A new group of C.E.O.s begs to differ.,"On September 13, 1970, the New York Times Magazine published an essay by the economist Milton Friedman titled “The Social Responsibility of Business is to Increase Its Profits.” It laid out what came to be known as the Friedman Doctrine — a call to arms for American free-market capitalism and arguably the most consequential economic idea, for better or worse, of the latter part of the 20th century.",Has Business Left Milton Friedman Behind?,article,Business Day,News,3,https://www.nytimes.com/2020/09/11/business/dealbook/milton-friedman-anniversary-sorkin-essay.html
2020-09-05T09:00:13+0000,Pandemic policies at tech companies have created a rift between parents offered more benefits and resentful workers who don’t have children.,"OAKLAND, Calif. — When the coronavirus closed schools and child care centers and turned American parenthood into a multitasking nightmare, many tech companies rushed to help their employees. They used their comfortable profit margins to extend workers new benefits, including extra time off for parents to help them care for their children.",Parents Got More Time Off. Then the Backlash Started.,article,Technology,News,8,https://www.nytimes.com/2020/09/05/technology/parents-time-off-backlash.html
2020-09-22T07:00:08+0000,The pandemic and the movement for racial justice have tested corporate pledges to elevate social concerns alongside shareholder interests. A new study finds companies are failing to follow through.,"Marc Benioff, chief executive of the technology giant Salesforce, presents himself as an evangelist for stakeholder capitalism: the idea that companies must elevate the interests of workers, the environment and local communities alongside shareholders.",Stakeholder Capitalism Gets a Report Card. It’s Not Good.,article,Business Day,News,9,https://www.nytimes.com/2020/09/22/business/business-roudtable-stakeholder-capitalism.html
2020-02-12T10:00:28+0000,"A tech billionaire’s PowerPoint brought the Trillion Trees climate plan to the president, a textbook case of ad hoc policymaking in the Trump era.","WASHINGTON — People warned Marc Benioff, the billionaire chief executive of Salesforce, not to bother talking to the White House about global warming. But Mr. Benioff, a tech mogul and environmental philanthropist, felt sure he had found a climate change solution that even President Trump could love: Planting trees.",A Trillion Trees: How One Idea Triumphed Over Trump’s Climate Denialism,article,Climate,News,5,https://www.nytimes.com/2020/02/12/climate/trump-trees-climate-change.html
2020-03-23T09:00:30+0000,"As chief executives hunker down during the pandemic, home offices have become corporate headquarters.","On Thursday morning, Chuck Robbins, the chief executive of Cisco, signed on to an companywide video conference from his home office in Silicon Valley. The connection was stable, but the quality was not great.","Logged On From the Laundry Room: How the C.E.O.s of Google, Pfizer and Slack Work From Home",article,Business Day,News,16,https://www.nytimes.com/2020/03/23/business/corner-office-coronavirus.html
2020-03-04T21:34:17+0000,"Will the company’s chief executive, Jack Dorsey, lose his job?","Elon Musk was right in his tweet this week: Jack Dorsey does have a “good ❤️.” Mr. Dorsey is indeed one of the more thoughtful, responsive and earnest entrepreneurs in Silicon Valley.",Brace Yourself for What’s Coming at Twitter,article,Opinion,Op-Ed,7,https://www.nytimes.com/2020/03/04/opinion/jack-dorsey-twitter-elliot-singer.html
2020-12-02T14:22:23+0000,The Salesforce C.E.O.’s planned acquisition of Slack will have him competing directly with the Goliath that is Microsoft.,"SAN FRANCISCO — Five years ago, Marc Benioff negotiated to sell Salesforce, the software company he co-founded in 1999 and has run ever since, to Microsoft. If the deal had gone through, he would have been richly rewarded — but, in the end, just another employee of the tech colossus.",Marc Benioff Sets His Sights on Microsoft,article,Technology,News,6,https://www.nytimes.com/2020/12/02/technology/marc-benioff-salesforce-slack-microsoft.html
2020-12-02T18:28:48+0000,The person writing the check is still the most important customer.,This article is part of the On Tech newsletter. You can sign up here to receive it weekdays.,Why Your Workplace Software Stinks,article,Technology,News,1,https://www.nytimes.com/2020/12/02/technology/why-your-workplace-software-stinks.html
2020-12-01T21:10:57+0000,The move caps an acquisitive streak by Salesforce and ends Slack’s run as an independent publicly traded company.,"SAN FRANCISCO — Salesforce said on Tuesday that it would buy the workplace software company Slack for $27.7 billion in cash and stock, the latest in a wave of deals as the coronavirus pandemic boosts demand for tools that enable people to work remotely.",Salesforce to Acquire Slack for $27.7 Billion,article,Technology,News,8,https://www.nytimes.com/2020/12/01/technology/salesforce-slack-deal.html
2020-05-11T09:00:20+0000,Symptom-checking apps and fever-screening cameras promise to keep sick workers at home and hinder the virus. But experts warn they can be inaccurate and violate privacy.,Bob Grewal recently began testing a new health-screening setup for workers at a Subway restaurant he owns in Los Angeles near the University of Southern California.,Employers Rush to Adopt Virus Screening. The Tools May Not Help Much.,article,Technology,News,7,https://www.nytimes.com/2020/05/11/technology/coronavirus-worker-testing-privacy.html
2020-04-28T07:08:47+0000,"A call from a university chancellor set in motion a private-sector effort to procure 50 million masks, gowns and swabs for American medical facilities.","Sam Hawgood, the chancellor of the University of California, San Francisco, was getting concerned.",Marc Benioff’s $25 Million Blitz to Buy Protective Gear From China,article,Business Day,News,4,https://www.nytimes.com/2020/04/28/business/coronavirus-marc-benioff-salesforce.html
2020-04-24T07:31:30+0000,People and companies with vested interest in sustaining the U.S.-China relationship are stepping in as ties fray between the two countries.,"HONG KONG — U.S. hospitals and state officials face desperate shortages of the masks, ventilators and other gear they need to fight the coronavirus. Chinese factories can make the equipment and sell it to them, but huge obstacles stand in the way — and Washington’s stumbles and growing hostility with Beijing aren’t helping.","Frantic for Coronavirus Gear, Americans in Need Turn to China’s Elite",article,Business Day,News,19,https://www.nytimes.com/2020/04/24/business/us-china-coronavirus-donations.html
2020-04-28T10:47:06+0000,"Marc Benioff, Tim Cook and others are applying their clout to critical supply shortages.",Good morning. (Was this email forwarded to you? Sign up here.),Salesforce and Other Silicon Valley Firms Are Using Corporate Connections to Buy Masks for Hospitals,article,Business Day,News,5,https://www.nytimes.com/2020/04/28/business/dealbook/coronavirus-ppe-companies.html
2020-04-20T14:17:43+0000,"As the COVID-19 crisis continues to evolve, health systems everywhere are under significant strain.","As the COVID-19 crisis continues to evolve, health systems everywhere are under significant strain. ",Traction on Demand Releases Global Outbreak Response Tool for Free,paidpost,T Brand,,1,https://www.nytimes.com/paidpost/salesforce/salesforce-covid-adpost/traction-on-demand-releases-global-outbreak-response-tool-for-free.html
2020-01-14T10:00:21+0000,"A new exhibition in San Francisco makes art out of the Patagonia vest, the former prime minister of England and … Salesforce?","The death knell of the Patagonia vest, at least as a symbol of utopianism co-opted by the tech and venture capital world and transformed into shorthand for a certain kind of unbridled corporate power, was much predicted last summer. ",Tech Bro Uniform Meets Margaret Thatcher. Disruption Ensues.,article,Style,News,9,https://www.nytimes.com/2020/01/14/style/Patagonia-vest-margaret-thatcher-art.html
2020-06-10T09:00:26+0000,Companies like Salesforce created workplaces with all the comforts of home. But now they may feel more like hospitals.,"When employees at Salesforce, the cloud software giant based in San Francisco, eventually return to their office towers, they may find that the fun is gone from their famously fun-loving workplaces.",Farewell to Gummy Bear Jars: Tech Offices Get a Virus Safety Makeover,article,Technology,News,5,https://www.nytimes.com/2020/06/10/technology/salesforce-tech-office-coronavirus.html
2020-11-30T12:24:56+0000,Salesforce’s approach for Slack is a sign of things to come.,"Salesforce has approached Slack about a deal, DealBook hears, confirming a report in The Wall Street Journal. A takeover could be announced as soon as this week. The potential deal is a bet on remote working, an area that bankers tell us will be a hot spot for consolidation in the months ahead, as highly valued software companies look to roll up the fragmented market for collaboration tools.",Companies Bet Big on Working From Home,article,Business Day,News,3,https://www.nytimes.com/2020/11/30/business/dealbook/salesforce-slack-work-from-home-deals.html
2021-02-16T12:21:34+0000,There’s a hidden hurdle.,"Business leaders, investors and regulators are all pushing to make corporate America’s boardrooms more diverse. But as a Salesforce executive learned, there are sometimes hidden hurdles to making that happen, Andrew writes in his latest column.",What’s Delaying Boardroom Diversity,article,Business Day,News,5,https://www.nytimes.com/2021/02/16/business/dealbook/diversity-corporate-boardrooms.html
2021-02-16T11:34:01+0000,"Some companies are reluctant to let lower-level managers become outside directors, adding a systemic impediment to the push.","Last spring, Niki Christoff, a senior Salesforce executive, was offered an opportunity to join the board of a publicly traded company alongside her day job. Being a director of a public company is a corporate badge of honor, and the invitation signaled she was poised to break into a club long dominated by men.",A Hidden Hurdle in Efforts to Diversify Boardrooms,article,Business Day,News,6,https://www.nytimes.com/2021/02/16/business/dealbook/boardroom-diversity.html
2021-05-04T09:00:34+0000,"Companies including HP, Microsoft and Unilever are calling for expanded voting access in the state after weeks of silence from national businesses on Republicans’ voting bills there.","Two broad coalitions of companies and executives released letters on Tuesday calling for expanded voting access in Texas, wading into the contentious debate over Republican legislators’ proposed new restrictions on balloting after weeks of relative silence from the business community in the state.",Business Coalitions Speak Out Against Voting Restrictions in Texas,article,U.S.,News,11,https://www.nytimes.com/2021/05/04/us/politics/microsoft-hp-patagonia-texas-voting-rights.html
2021-04-22T14:31:50+0000,The effort seeks to rally more than $1 billion for countries that can show they are lowering emissions by protecting tropical forests,"Britain, Norway and the United States said Thursday they would join forces with some of the world’s biggest companies in an effort to rally more than $1 billion for countries that can show they are lowering emissions by protecting tropical forests.","Britain, Norway and the United States join forces with businesses to protect tropical forests.",article,Climate,News,5,https://www.nytimes.com/2021/04/22/climate/britain-norway-and-the-united-states-join-forces-with-businesses-to-protect-tropical-forests.html
2021-01-23T00:31:33+0000,"See how Salesforce empowers Twitter to help users remain connected and keep conversations going. 

",,The Future of Twitter,paidpost,T Brand,,2,https://www.nytimes.com/paidpost/salesforce/the-future-of-twitter.html
2022-08-06T17:12:08+0000,The drug company Eli Lilly said it “will be forced” to look outside the state for employment growth. The engine maker Cummins said the law will “impede our ability to attract and retain top talent.”,"On Friday, the governor of Indiana signed into law a near-total abortion ban, making the state the first to approve sweeping new restrictions since the Supreme Court overturned Roe v. Wade in June.",Major Indiana Employers Criticize State’s New Abortion Law,article,Business Day,News,9,https://www.nytimes.com/2022/08/06/business/indiana-companies-abortion.html
2022-02-22T08:00:11+0000,"Even as they allow some employees to change how often they come into the office, tech companies are rapidly buying and leasing properties around the country.","TEMPE, Ariz. — Early in the pandemic, when shops along Mill Avenue in downtown Tempe closed their doors and students at nearby Arizona State University were asked to go home, the roar of construction continued to fill the air. Now, gleaming in the sunlight and stuffed with amenities, towering glass office buildings have sprouted up all over the Phoenix metropolitan area.",Big Tech Makes a Big Bet: Offices Are Still the Future,article,Technology,News,8,https://www.nytimes.com/2022/02/22/technology/big-tech-offices.html
2022-12-01T16:47:10+0000,"Crypto, the economy, China, streaming wars, Elon Musk and other big topics dominated this year’s DealBook Summit.","DealBook held its annual conference in New York yesterday, a packed day of high-level discussions with leaders from the world of politics, business and culture. Speakers included:","What We Learned From Sam Bankman-Fried, Mark Zuckerberg, Reed Hastings and More",article,Business Day,News,9,https://www.nytimes.com/2022/12/01/business/dealbook/sam-bankman-fried-mark-zuckerberg-reed-hastings-sbf-summit.html
2022-12-05T20:50:24+0000,"Stewart Butterfield, the chief executive of Slack, which is owned by Salesforce, is the latest to announce an exit from Salesforce in recent weeks.","SAN FRANCISCO — Stewart Butterfield, the chief executive of Slack, a workplace communication platform owned by Salesforce, said on Monday that he would leave his position in January.",Slack C.E.O. to Step Down in January,article,Technology,News,4,https://www.nytimes.com/2022/12/05/technology/slack-ceo-stewart-butterfield-salesforce.html
2022-12-06T12:33:12+0000,"The European Union is crying foul over the Inflation Reduction Act, saying the billions in climate subsidies it offers create a trade imbalance.","Europe is growing hot over the Biden administration’s Inflation Reduction Act, with opposition to the sweeping climate and economic bill dominating the U.S.-EU Trade and Technology Council talks this week. Some analysts fear the disagreement could thrust two of the world’s biggest trading partners into a new economic war.",Could Biden’s Climate Agenda Trigger a New Trade War?,article,Business Day,News,6,https://www.nytimes.com/2022/12/06/business/dealbook/biden-climate-trade-europe.html
2022-11-09T12:58:43+0000,"Prices of digital currencies have tumbled even after the exchange FTX announced a provisional lifeline by a top rival, Binance.","Devastation in the crypto market continued on Wednesday, after the giant crypto exchange Binance announced a bombshell deal to buy its embattled rival, FTX. (The deal excludes FTX’s American operations.) The entire market’s capitalization now stands at $900 billion, down from $3 trillion just one year ago, while major cryptocurrencies were down by double-digit percentages. The damage is largely contained within crypto; both the S&P 500 and the Nasdaq closed up yesterday.",Crypto Investors Grapple With the Collapse of a Giant,article,Business Day,News,6,https://www.nytimes.com/2022/11/09/business/dealbook/ftx-binance-crypto-deal.html
2022-10-04T14:49:00+0000,"Bret Taylor, an understated executive, led talks with Elon Musk over his plans to acquire the company and the legal fight to seal the deal.","On a Friday morning in September, about a month before an expected courtroom fight to decide the future of Twitter, Bret Taylor walked into the company’s offices in New York City to lead only the second in-person meeting of its board of directors since the start of the pandemic.",The Board Chair Squaring Up to Elon Musk in the Feud Over Twitter,article,Technology,News,6,https://www.nytimes.com/2022/10/04/technology/twitter-board-elon-musk.html
2023-09-22T13:00:10+0000,Secular companies have invited employees to bring their “whole selves” to work. That increasingly includes their religion.,"When Christy Childers moved from Austin to San Francisco in 2017 to start a marketing job at Facebook, she felt anxious about sharing her evangelical faith with her new colleagues. In Ms. Childers’s religious community, Silicon Valley has a reputation for being overtly secular and less than accepting of Christian beliefs. She now calls that view “unfounded.” Within a week, colleagues had invited her to a lunchtime Bible study and a happy hour attended by scores of Christians across the tech industry.",What Happens When the Boss Invites You to Bible Study?,article,Business Day,News,11,https://www.nytimes.com/2023/09/22/business/religion-work-diversity-equity-inclusion.html
2023-02-13T10:00:30+0000,"The chief executive, under pressure from activist investors, seeks to do well and do good — but his options are narrowing.","Many years ago, Thich Nhat Hanh, the Buddhist monk and spiritual leader, posed a question to Marc Benioff, the co-founder and chief executive of Salesforce.",Happiness or Success? Salesforce’s Marc Benioff Doesn’t Want to Choose.,article,Technology,News,7,https://www.nytimes.com/2023/02/13/technology/salesforce-marc-benioff-pressure.html
2023-03-01T13:01:12+0000,The software giant faces mounting pressure from activist investors and pushback from employees unhappy about a wave of firings and the scaling back of office perks.,"Wednesday’s earnings report by Salesforce may be the most closely watched in the software giant’s 24-year history. Investors — especially the now half-dozen activist shareholders who are clamoring for change at the company, and possibly board seats — will be eager to hear how its chief, Marc Benioff, plans to turn around its fortunes.",The Heat on Salesforce Grows Ahead of a Big Earnings Call,article,Business Day,News,9,https://www.nytimes.com/2023/03/01/business/dealbook/benioff-salesforce-activist-investors-earnings.html
2023-03-04T13:01:22+0000,The White House is at odds with business leaders over share repurchase programs. DealBook digs into the numbers to see who’s gaining from the practice.,Share buybacks provided plenty of big headlines this week.,The Trillion-Dollar Debate Over Share Buybacks,article,Business Day,News,12,https://www.nytimes.com/2023/03/04/business/biden-buffett-debate-share-buybacks.html
2023-03-02T12:58:42+0000,"President Biden is expected to use his first veto to protect environmental, social and corporate governance investment considerations in retirement plans.","Senate Republicans, helped by two Democratic defectors, voted on Wednesday to block a Labor Department rule allowing retirement plan managers to include environmental, social and corporate governance considerations (E.S.G., for short) in their investment plans.",The Battle Over E.S.G. Heads to the White House,article,Business Day,News,19,https://www.nytimes.com/2023/03/02/business/dealbook/esg-biden-white-house-congress.html
2023-03-27T11:51:39+0000,First Citizens agreed on Sunday to acquire the failed lender’s retail operations. Will the move convince investors that recent turmoil in the sector is over?,"First Citizens agreed on Sunday night to buy most of Silicon Valley Bank at a discount, clearing the way for the U.S. banking industry to potentially move on from the turmoil set off by the collapse of the tech-focused lender.",Markets Climb as Silicon Valley Bank Finally Finds a Buyer,article,Business Day,News,16,https://www.nytimes.com/2023/03/27/business/dealbook/markets-silicon-valley-bank-acquisition.html
2023-01-05T02:17:12+0000,"The layoffs will focus on human resources and its retail division, Amazon’s chief executive said in an email to employees.","Amazon plans to eliminate 18,000 corporate and technology jobs in a significant expansion of its cost-cutting plans, the company’s chief executive, Andy Jassy, said in a message to employees on Wednesday.","Amazon Expands Corporate Layoffs to 18,000 Jobs",article,Business Day,News,4,https://www.nytimes.com/2023/01/04/business/amazon-corporate-layoffs.html
2023-01-05T12:45:16+0000,"To land the House speaker position, the California Republican will have to win over opponents who question his ties to Silicon Valley and his commitment to right wing causes.","Representative Kevin McCarthy, Republican of California, is still working on landing the House speaker gig after six failed attempts. It’s the first such House floor showdown in a century, and business is at the heart of his woes.",Kevin McCarthy’s Business Ties Complicate His Rise to Power,article,Business Day,News,12,https://www.nytimes.com/2023/01/05/business/dealbook/kevin-mccarthy-business-ties-house-speaker.html
2023-01-24T12:44:59+0000,"The company’s grip on ticket sales, and its move last year to cancel sales for Taylor Swift’s upcoming tour, will be a big focus of an antitrust-focused hearing.","Two months after Ticketmaster canceled sales for Taylor Swift’s upcoming Eras tour, a top executive from its parent company, Live Nation Entertainment, will appear at the Senate on Tuesday to defend the company. (Ms. Swift herself is not scheduled to show up.)",Live Nation Faces a Skeptical Senate,article,Business Day,News,14,https://www.nytimes.com/2023/01/24/business/dealbook/live-nation-ticketmaster-antitrust.html
2023-01-23T12:18:49+0000,"Elliott Management, the $55 billion hedge fund, has taken a big stake in the struggling tech giant, putting more pressure on its co-founder, Marc Benioff.","Salesforce has been through a lot of turbulence lately, including a huge round of layoffs and a shake-up in its top ranks. Now it faces a big new threat in Elliott Management, the $55 billion hedge fund that has taken a significant stake in the company.",Activist Investors Are Circling Salesforce,article,Business Day,News,12,https://www.nytimes.com/2023/01/23/business/elliott-salesforce-benioff.html
2023-01-04T13:57:34+0000,"The software company plans to cut around 8,000 jobs as business slows for tech companies. “We hired too many people leading into this economic downturn,” Salesforce’s chief executive said.","Salesforce, the business software giant, said on Wednesday that it planned to lay off 10 percent of its work force, or about 8,000 employees, and scale back office space because of concerns about the economy.",Salesforce to Lay Off 10% of Staff and Cut Office Space,article,Technology,News,1,https://www.nytimes.com/2023/01/04/technology/salesforce-layoffs.html
2023-01-25T13:14:32+0000,"Hindenburg Research accused the Adani Group of orchestrating the “largest con in corporate history,”  sending shares of its companies tumbling on Wednesday.","Hindenburg Research, the short seller that rose to prominence by going after unprofitable blank-check firms and crypto companies, is pursuing its biggest targets yet: the Indian conglomerate Adani Group and its billionaire founder, Gautam Adani, whom Forbes ranks as the world’s third-richest person.",A Short Seller Takes Aim at an Indian Corporate Giant,article,Business Day,News,14,https://www.nytimes.com/2023/01/25/business/dealbook/short-seller-hindenburg-adani.html
2023-06-20T09:00:53+0000,The next stage of getting workers back at their desks includes incentives like $10 to the charity of their choice — and consequences like poor performance evaluations if they don’t make the trek in.,"Manny Medina, the chief executive of a Seattle-based artificial intelligence sales company, doesn’t mind repeating himself. It comes with the territory, after all. That tolerance proved convenient this year as he faced the same question innumerable times.",Return to Office Enters the Desperation Phase,article,Business Day,News,12,https://www.nytimes.com/2023/06/20/business/return-to-office-remote-work.html
2023-06-30T12:09:08+0000,Many businesses have adopted policies to diversify hiring but the Supreme Court’s ruling to end the policy in universities endangers those efforts.,"The Supreme Court’s decision on Thursday to strike down affirmative action at colleges and universities sent shock waves throughout higher education. But the effects of the 6-3 ruling, which found that race-conscious admissions programs were unlawful, promise to go much wider.",Why Corporate America Is Worried About Affirmative Action,article,Business Day,News,8,https://www.nytimes.com/2023/06/30/business/dealbook/corporate-diversity-affirmative-action.html
2023-07-25T07:00:27+0000,"After years of steady growth, many technology companies are laying off workers and giving up millions of square feet of office space in the city.","For much of the last two decades, including during the pandemic, technology companies were a bright spot in New York’s economy, adding thousands of high-paying jobs and expanding into millions of square feet of office space.",Tech Firms Once Powered New York’s Economy. Now They’re Scaling Back.,article,Business Day,News,11,https://www.nytimes.com/2023/07/25/business/economy/technology-companies-office-space.html
2023-07-05T14:41:55+0000,"Amazon, Box, Salesforce, Oracle and others have recently rolled out A.I.-related products to help workplaces become more efficient and productive.","Earlier this year, Mark Austin, the vice president of data science at AT&T, noticed that some of the company’s developers had started using the ChatGPT chatbot at work. When the developers got stuck, they asked ChatGPT to explain, fix or hone their code.","As Businesses Clamor for Workplace A.I., Tech Companies Rush to Provide It",article,Technology,News,16,https://www.nytimes.com/2023/07/05/technology/business-ai-technology.html
2023-11-21T13:17:58+0000,"OpenAI’s intricate structure, which contributed to the ouster of Sam Altman, is complex by design.","The future of OpenAI, whose ChatGPT kick-started an arms race in artificial intelligence, has grown even cloudier. A majority of its workers called on its board to resign after ousting Sam Altman as C.E.O. over how fast to commercialize its technology.",Does A.I. Have an Inherent Governance Problem?,article,Business Day,News,7,https://www.nytimes.com/2023/11/21/business/dealbook/openai-corporate-governance-altman-board.html
